census_NAME,census_B01001_001E,census_B19013_001E,zcta,census_S2701_C03_001E,census_S2701_C05_001E,cdc_totalpopulation,cdc_access2_crudeprev,cdc_checkup_crudeprev,cdc_dental_crudeprev,cdc_arthritis_crudeprev,cdc_bphigh_crudeprev,cdc_cancer_crudeprev,cdc_casthma_crudeprev,cdc_chd_crudeprev,cdc_copd_crudeprev,cdc_depression_crudeprev,cdc_diabetes_crudeprev,cdc_highchol_crudeprev,cdc_kidney_crudeprev,cdc_obesity_crudeprev,cdc_stroke_crudeprev,cdc_ghlth_crudeprev,cdc_mhlth_crudeprev,cdc_phlth_crudeprev,npi_total_providers,npi_individual_providers,npi_organization_providers
ZCTA5 85003,10155,56672,85003,90.6,9.4,9369,16.6,65.0,57.4,17.5,25.4,4.5,10.0,4.7,5.1,18.8,9.7,30.0,2.7,31.8,2.5,17.2,18.1,10.9,137.0,96.0,41.0
ZCTA5 85004,11178,71250,85004,87.3,12.7,4965,16.4,65.5,56.1,17.3,24.8,4.6,11.0,4.6,5.3,21.3,9.0,29.5,2.7,31.3,2.4,17.3,20.8,11.0,181.0,122.0,59.0
ZCTA5 85006,22081,60742,85006,76.0,24.0,25742,28.5,64.4,45.7,19.2,28.2,4.3,11.2,5.6,6.7,20.8,13.0,31.9,3.4,37.6,3.1,25.7,20.9,14.8,243.0,179.0,64.0
ZCTA5 85007,13555,55833,85007,85.0,15.0,14040,23.3,67.2,47.7,22.5,32.7,5.3,11.2,6.7,7.7,20.0,14.5,34.6,3.7,37.8,3.7,25.3,20.0,15.1,167.0,115.0,52.0
ZCTA5 85008,60499,61369,85008,75.1,24.9,56145,23.5,63.9,50.2,16.5,24.7,3.9,10.9,4.4,5.3,20.5,10.0,28.8,2.7,35.1,2.5,20.5,20.6,12.3,199.0,138.0,61.0
ZCTA5 85009,52116,51615,85009,75.4,24.6,52520,36.3,62.5,38.6,17.5,27.5,3.6,11.3,5.5,6.6,20.9,13.3,31.4,3.3,39.0,3.1,29.4,22.9,15.8,171.0,126.0,45.0
ZCTA5 85012,8880,80242,85012,86.6,13.4,6390,8.0,70.2,69.2,22.5,28.6,7.6,9.3,5.6,4.8,17.7,8.6,34.1,3.1,28.0,2.7,11.4,14.1,9.0,217.0,147.0,70.0
ZCTA5 85013,20947,68895,85013,87.9,12.1,19314,11.1,68.4,63.2,21.7,28.2,6.3,10.0,5.2,5.5,19.1,9.4,33.0,3.0,31.1,2.7,14.4,16.3,10.5,228.0,179.0,49.0
ZCTA5 85014,26215,69995,85014,89.3,10.7,24782,12.6,67.2,61.7,20.4,26.9,5.7,10.3,4.8,5.4,19.7,9.0,31.7,2.8,31.8,2.5,14.7,17.1,10.5,170.0,112.0,58.0
ZCTA5 85015,42444,52585,85015,83.9,16.1,37644,23.1,65.8,47.7,20.8,29.3,5.0,11.4,5.7,7.2,21.1,12.0,32.3,3.3,36.3,3.2,23.2,21.0,14.2,179.0,105.0,74.0
ZCTA5 85016,36857,85085,85016,89.0,11.0,33896,13.2,68.0,62.3,21.6,27.8,6.5,10.1,5.2,5.5,19.3,9.3,33.0,3.0,30.7,2.7,15.0,16.6,10.6,233.0,159.0,74.0
ZCTA5 85017,44336,51737,85017,74.9,25.1,38872,30.2,63.8,41.4,18.9,28.2,4.0,11.6,5.5,7.2,21.5,12.6,31.4,3.2,38.2,3.1,26.9,22.7,15.3,172.0,107.0,65.0
ZCTA5 85018,38268,87637,85018,90.2,9.8,36065,9.5,69.3,67.5,22.4,27.8,7.1,9.7,5.2,5.2,18.9,8.6,33.6,2.9,29.2,2.6,12.6,15.1,9.7,88.0,51.0,37.0
ZCTA5 85019,26974,58767,85019,77.3,22.7,25042,31.3,64.7,41.9,20.6,29.7,4.6,11.6,6.2,7.6,21.3,13.7,33.1,3.6,38.2,3.4,27.8,22.0,15.9,161.0,121.0,40.0
ZCTA5 85020,33934,78412,85020,91.6,8.4,32850,12.0,69.7,63.4,24.3,30.1,7.4,10.1,5.9,6.3,19.4,10.0,35.2,3.3,30.9,3.0,15.3,16.1,11.2,182.0,100.0,82.0
ZCTA5 85021,40026,58481,85021,84.2,15.8,37743,17.2,67.7,55.8,22.1,29.2,6.3,10.7,5.7,6.6,20.2,10.4,33.2,3.2,32.9,3.0,18.6,18.9,12.3,164.0,110.0,54.0
ZCTA5 85022,52488,66601,85022,88.9,11.1,46395,10.6,68.2,63.1,22.6,27.8,6.6,10.4,5.2,6.0,20.7,8.8,33.4,2.9,30.3,2.7,14.2,17.4,10.7,161.0,98.0,63.0
ZCTA5 85023,34635,72442,85023,87.2,12.8,31274,12.6,67.2,60.9,21.5,27.2,6.0,10.4,5.0,5.9,20.7,9.0,32.7,2.8,31.3,2.6,15.0,17.9,11.0,95.0,44.0,51.0
ZCTA5 85024,25674,97759,85024,90.9,9.1,22898,8.0,66.1,67.9,18.6,22.9,5.5,10.0,3.7,4.4,20.7,6.6,29.6,2.3,28.4,2.0,10.7,16.7,8.7,114.0,67.0,47.0
ZCTA5 85026,0,-666666666,85026,-666666666.0,-666666666.0,0,0,0,0,0,0,0,0,0,0,0,0,0,0,0,0,0,0,0,0.0,0.0,0.0
ZCTA5 85027,38986,73255,85027,90.1,9.9,37140,10.3,65.3,63.3,18.6,23.7,5.2,10.1,4.0,4.9,20.6,7.2,29.8,2.4,29.3,2.1,12.5,17.7,9.5,212.0,139.0,73.0
ZCTA5 85028,18952,119436,85028,97.2,2.8,19157,5.8,71.7,72.6,25.4,29.7,8.5,9.5,5.5,5.2,18.4,8.6,36.4,3.1,27.7,2.7,10.8,13.6,9.2,158.0,92.0,66.0
ZCTA5 85029,49433,60384,85029,86.8,13.2,43233,15.1,66.9,57.2,21.8,28.0,5.9,10.7,5.4,6.5,21.0,9.8,32.6,3.0,32.7,2.9,17.2,19.0,12.0,177.0,87.0,90.0
ZCTA5 85031,30681,59641,85031,72.9,27.1,30493,35.3,63.7,40.6,19.2,28.3,4.2,11.6,5.8,7.2,21.0,13.4,32.2,3.5,38.6,3.3,28.8,22.2,15.9,188.0,125.0,63.0
ZCTA5 85032,70447,74331,85032,87.1,12.9,65485,13.3,66.9,61.5,21.0,26.5,6.1,10.3,4.9,5.7,20.4,8.7,32.3,2.8,30.8,2.5,14.9,17.6,10.7,212.0,102.0,110.0
ZCTA5 85033,58234,60749,85033,75.7,24.3,53037,33.5,63.1,42.0,17.9,26.6,3.8,11.5,5.0,6.5,21.3,12.2,30.8,3.2,38.3,2.9,26.9,22.3,15.0,182.0,130.0,52.0
ZCTA5 85034,4825,53545,85034,86.4,13.6,5582,25.3,66.8,48.3,20.5,31.2,4.7,10.8,6.0,6.4,19.0,14.5,33.5,3.6,38.5,3.3,25.0,19.2,14.4,156.0,88.0,68.0
ZCTA5 85035,52002,57790,85035,74.0,26.0,47486,34.6,62.4,42.1,16.2,25.0,3.4,11.5,4.5,5.7,20.9,11.6,29.6,3.0,37.8,2.6,26.5,22.3,14.4,161.0,110.0,51.0
ZCTA5 85037,53041,81919,85037,81.9,18.1,44771,23.6,63.8,51.0,16.4,24.1,3.7,10.8,4.0,5.0,20.1,9.8,28.9,2.6,35.0,2.3,19.8,20.1,12.0,200.0,124.0,76.0
ZCTA5 85040,33325,57890,85040,76.6,23.4,29352,28.1,65.8,44.4,19.1,29.8,4.1,11.5,5.4,6.3,19.6,13.5,31.2,3.5,38.7,3.4,25.7,21.0,14.4,159.0,86.0,73.0
ZCTA5 85041,63881,70555,85041,83.2,16.8,54947,25.3,65.3,49.0,17.9,27.0,4.0,11.0,4.8,5.5,19.5,11.9,30.5,3.1,36.5,2.8,22.7,19.9,13.1,150.0,70.0,80.0
ZCTA5 85042,45575,86837,85042,84.9,15.1,40962,19.6,66.9,55.0,18.8,27.6,4.7,10.6,4.7,5.2,18.7,11.1,30.9,3.1,34.8,2.8,19.0,18.3,11.7,151.0,103.0,48.0
ZCTA5 85043,39603,70051,85043,77.1,22.9,30560,27.2,63.2,48.0,15.8,23.9,3.4,11.0,4.0,5.1,20.3,10.1,28.2,2.7,36.3,2.4,21.8,20.7,12.6,153.0,70.0,83.0
ZCTA5 85044,40419,96374,85044,93.5,6.5,37993,7.6,68.5,69.4,20.3,25.3,6.4,9.7,4.3,4.4,18.9,7.4,31.6,2.6,28.0,2.2,10.7,15.3,8.6,171.0,99.0,72.0
ZCTA5 85045,7457,154300,85045,95.9,4.1,7238,5.2,68.1,75.0,18.1,22.5,5.6,9.1,3.2,3.3,17.9,6.2,30.6,2.1,26.8,1.7,8.1,13.4,7.2,36.0,26.0,10.0
ZCTA5 85048,34113,123198,85048,95.0,5.0,33449,6.0,68.2,72.8,18.8,23.5,5.7,9.5,3.5,3.7,18.5,6.7,31.0,2.2,27.3,1.9,9.2,14.3,7.8,163.0,99.0,64.0
ZCTA5 85050,32669,137389,85050,95.8,4.2,25736,7.2,68.0,69.9,20.7,25.0,6.6,9.7,4.4,4.7,19.5,7.2,31.8,2.6,27.6,2.2,10.7,15.1,8.8,106.0,58.0,48.0
ZCTA5 85051,45484,63665,85051,85.5,14.5,40375,19.0,66.7,51.4,22.4,29.9,5.6,11.2,6.0,7.4,21.3,11.6,33.6,3.3,35.0,3.2,21.0,20.2,13.6,178.0,82.0,96.0
ZCTA5 85053,29719,66870,85053,90.5,9.5,28480,12.3,66.7,59.8,21.8,27.4,5.9,10.7,5.1,6.3,21.4,9.1,32.7,2.9,31.6,2.7,15.6,18.7,11.4,151.0,89.0,62.0
ZCTA5 85054,10159,89099,85054,87.6,12.4,5384,5.8,65.8,72.8,16.2,20.3,5.2,9.3,3.0,3.2,19.4,5.3,27.8,2.0,25.5,1.6,7.8,14.9,6.8,137.0,122.0,15.0
ZCTA5 85083,21225,157437,85083,94.0,6.0,18104,6.1,66.5,72.2,17.5,21.7,5.3,9.4,3.2,3.6,19.1,6.1,29.6,2.1,27.0,1.7,8.7,14.8,7.6,107.0,77.0,30.0
ZCTA5 85085,30132,122138,85085,95.5,4.5,17517,6.5,64.7,71.6,15.0,19.1,4.6,9.4,2.7,3.1,19.6,5.0,26.7,1.8,25.9,1.5,8.1,15.5,6.9,113.0,67.0,46.0
ZCTA5 85086,43369,118543,85086,95.9,4.1,40495,6.9,68.1,70.6,20.9,25.4,6.4,9.6,4.2,4.5,19.4,7.2,32.3,2.5,28.9,2.1,10.3,15.0,8.7,161.0,85.0,76.0
ZCTA5 85087,9835,120688,85087,96.2,3.8,7708,7.3,69.2,68.0,24.0,28.8,7.2,9.9,5.2,5.7,19.8,8.6,35.2,2.8,29.9,2.6,12.3,15.6,10.2,46.0,33.0,13.0
ZCTA5 85120,29308,53921,85120,91.3,8.7,28168,11.5,73.9,55.0,34.1,38.0,9.9,10.4,9.1,10.1,19.3,13.3,41.6,4.4,35.8,4.5,20.0,15.3,14.7,131.0,79.0,52.0
ZCTA5 85139,19522,85716,85139,90.0,10.0,17979,15.4,67.5,49.0,23.2,28.1,5.1,11.1,5.2,7.3,20.6,10.7,32.9,2.9,39.6,2.9,19.6,18.2,13.4,153.0,89.0,64.0
ZCTA5 85142,87201,125236,85142,93.8,6.2,48870,9.4,65.8,64.4,18.0,22.2,4.9,9.9,3.4,4.3,20.0,6.7,29.0,2.2,31.4,1.9,11.3,16.4,8.9,145.0,93.0,52.0
ZCTA5 85201,52484,63725,85201,86.6,13.4,46092,17.5,66.2,53.5,20.9,27.9,5.5,11.1,5.6,6.7,21.5,10.4,31.6,3.1,33.9,3.0,19.2,20.2,12.7,184.0,123.0,61.0
ZCTA5 85202,39292,66582,85202,88.4,11.6,37275,13.2,66.1,59.6,19.1,25.2,5.1,10.7,4.4,5.4,21.0,8.6,30.3,2.6,31.4,2.4,15.1,19.0,10.6,180.0,90.0,90.0
ZCTA5 85203,37435,72851,85203,86.5,13.5,35541,14.5,66.7,59.0,21.3,27.1,5.9,10.7,5.2,6.2,21.1,9.3,32.3,2.9,32.0,2.7,16.4,18.7,11.5,137.0,71.0,66.0
ZCTA5 85204,65018,69474,85204,81.9,18.1,60885,19.5,65.1,54.0,19.8,26.4,5.1,10.8,5.1,6.3,21.3,9.9,31.3,2.9,33.7,2.7,18.9,19.9,12.3,169.0,107.0,62.0
ZCTA5 85205,44704,71294,85205,93.5,6.5,39858,9.6,73.0,64.1,30.1,35.6,9.8,10.1,8.1,8.0,19.3,11.8,39.4,4.1,30.0,3.9,16.3,15.5,12.4,157.0,98.0,59.0
ZCTA5 85206,36896,69986,85206,90.8,9.2,33154,10.5,73.3,63.3,30.3,35.9,10.4,10.0,8.8,8.1,19.0,11.6,38.9,4.4,28.7,4.2,16.6,15.6,12.3,263.0,144.0,119.0
ZCTA5 85207,50135,99439,85207,90.3,9.7,44744,9.3,69.6,65.6,24.6,29.7,7.5,10.1,5.9,6.4,19.9,9.4,35.3,3.2,30.1,3.0,14.0,16.1,10.9,131.0,84.0,47.0
ZCTA5 85208,37840,68452,85208,87.4,12.6,34762,12.0,72.1,61.9,29.4,35.2,9.6,10.0,8.3,8.2,19.3,11.7,38.8,4.2,30.3,4.0,17.1,15.9,12.7,118.0,84.0,34.0
ZCTA5 85209,42171,80498,85209,91.6,8.4,37377,9.5,71.5,66.6,26.6,31.8,9.0,9.7,6.9,6.5,18.9,9.8,36.8,3.6,28.5,3.3,13.7,15.1,10.7,169.0,108.0,61.0
ZCTA5 85210,39941,59680,85210,79.6,20.4,36464,20.6,64.5,52.2,18.5,25.8,4.5,11.0,4.6,5.9,21.3,9.9,30.5,2.8,34.7,2.5,19.5,20.5,12.4,175.0,116.0,59.0
ZCTA5 85212,50427,123404,85212,95.6,4.4,24492,8.8,64.9,67.4,16.3,20.9,4.6,9.9,3.1,3.8,20.5,6.0,27.6,2.0,28.8,1.7,10.2,17.1,8.2,129.0,74.0,55.0
ZCTA5 85213,37323,100671,85213,93.2,6.8,31797,9.2,70.0,65.4,25.1,30.3,7.8,10.1,6.2,6.5,19.8,9.7,35.6,3.3,29.6,3.1,14.1,16.1,10.9,139.0,77.0,62.0
ZCTA5 85215,16600,90310,85215,95.2,4.8,15963,7.0,74.5,69.6,30.9,35.9,10.8,9.5,8.1,7.3,17.9,11.0,40.4,4.1,28.0,3.8,13.9,13.4,11.2,148.0,96.0,52.0
ZCTA5 85224,48304,90886,85224,92.8,7.2,42796,8.9,66.7,67.1,18.4,23.5,5.4,9.8,3.8,4.3,19.4,7.2,29.9,2.4,28.4,2.1,11.2,16.2,8.7,238.0,143.0,95.0
ZCTA5 85225,73316,86036,85225,88.3,11.7,69810,15.1,65.6,59.5,18.2,24.4,4.9,10.4,4.1,5.0,20.2,8.6,30.1,2.6,31.5,2.3,15.4,18.2,10.5,169.0,90.0,79.0
ZCTA5 85226,40974,103740,85226,94.3,5.7,37376,7.3,66.8,69.7,17.6,22.4,5.2,9.6,3.4,3.7,18.9,6.7,29.6,2.2,27.2,1.8,9.9,15.4,8.0,147.0,89.0,58.0
ZCTA5 85233,37841,105154,85233,94.3,5.7,37564,8.1,66.8,68.3,18.4,23.4,5.4,9.7,3.7,4.1,19.5,7.1,30.3,2.3,28.4,2.0,10.7,16.0,8.6,145.0,85.0,60.0
ZCTA5 85234,49040,118012,85234,92.6,7.4,50014,7.8,66.9,68.8,18.9,23.5,5.5,9.9,3.7,4.3,20.0,6.9,30.4,2.3,28.7,2.0,10.6,16.2,8.7,194.0,112.0,82.0
ZCTA5 85236,0,-666666666,85236,-666666666.0,-666666666.0,0,0,0,0,0,0,0,0,0,0,0,0,0,0,0,0,0,0,0,46.0,32.0,14.0
ZCTA5 85248,37461,94220,85248,96.6,3.4,29821,6.0,77.0,71.8,32.7,38.1,12.2,9.0,8.7,7.2,16.1,11.5,42.3,4.4,26.2,4.1,13.6,11.5,10.8,134.0,77.0,57.0
ZCTA5 85249,48018,150985,85249,97.1,2.9,36908,6.5,69.3,71.6,21.1,26.1,6.9,9.2,4.5,4.4,17.8,7.7,32.9,2.7,27.2,2.3,10.2,13.6,8.4,125.0,65.0,60.0
ZCTA5 85250,14904,89133,85250,95.6,4.4,15906,6.2,72.1,72.0,26.0,30.2,9.2,9.5,6.0,5.4,18.6,8.6,36.2,3.3,26.7,2.9,11.0,13.8,9.2,101.0,72.0,29.0
ZCTA5 85251,39976,89151,85251,92.4,7.6,34390,9.2,68.6,67.4,21.6,26.6,7.3,9.7,5.2,5.0,19.3,7.9,32.3,2.9,27.5,2.6,11.8,15.6,9.2,179.0,97.0,82.0
ZCTA5 85253,17202,182150,85253,96.0,4.0,17047,4.8,73.9,75.2,27.0,31.8,9.7,9.0,6.1,5.1,17.0,9.0,38.8,3.3,26.0,2.8,10.2,12.0,8.8,140.0,91.0,49.0
ZCTA5 85254,46655,120885,85254,96.4,3.6,45801,5.6,70.3,72.8,22.9,27.2,7.6,9.4,4.8,4.7,18.4,7.7,34.4,2.8,26.8,2.4,10.0,13.8,8.6,179.0,70.0,109.0
ZCTA5 85255,45136,143567,85255,97.7,2.3,37270,4.4,72.1,76.1,24.2,28.6,8.5,9.0,5.1,4.4,17.4,7.8,36.2,2.9,26.2,2.4,9.0,12.0,8.0,169.0,94.0,75.0
ZCTA5 85256,3768,51469,85256,72.6,27.4,4974,20.3,68.6,41.9,28.5,37.4,6.5,14.5,9.4,12.0,24.2,17.9,35.3,4.8,40.7,5.4,31.8,25.9,20.1,122.0,100.0,22.0
ZCTA5 85257,29055,79828,85257,91.7,8.3,26755,9.7,69.3,65.4,23.7,29.1,7.6,9.8,6.1,6.1,19.3,9.3,34.2,3.3,28.9,3.0,13.7,15.8,10.4,134.0,90.0,44.0
ZCTA5 85258,25524,105171,85258,96.9,3.1,23342,4.8,74.7,75.1,28.4,33.0,10.6,9.0,6.7,5.4,17.0,9.3,39.1,3.6,25.8,3.1,10.4,11.8,9.0,184.0,88.0,96.0
ZCTA5 85259,22156,145574,85259,95.3,4.7,21422,4.8,71.6,75.0,23.7,28.2,8.1,9.2,5.0,4.5,17.8,7.9,35.7,2.8,26.5,2.4,9.5,12.9,8.3,180.0,165.0,15.0
ZCTA5 85260,39842,103854,85260,95.3,4.7,36056,5.4,70.5,73.9,22.6,26.8,7.9,9.2,4.8,4.4,18.1,7.3,33.9,2.8,25.7,2.4,9.4,13.4,8.1,243.0,132.0,111.0
ZCTA5 85262,13919,173795,85262,96.9,3.1,11275,4.1,74.2,76.2,27.6,32.2,9.4,9.1,5.9,5.1,17.2,9.1,39.7,3.2,27.3,2.7,9.9,11.7,8.9,123.0,90.0,33.0
ZCTA5 85263,3335,137200,85263,98.7,1.3,2111,3.8,82.5,76.9,38.8,44.6,15.8,8.3,10.4,7.3,14.3,12.6,48.5,5.1,24.6,4.5,12.3,8.8,10.5,9.0,4.0,5.0
ZCTA5 85264,1329,58333,85264,65.8,34.2,1249,14.5,67.5,54.9,23.0,30.2,5.8,12.7,5.9,7.3,21.9,12.2,31.9,3.4,36.1,3.5,21.3,21.8,14.3,14.0,12.0,2.0
ZCTA5 85266,12510,157137,85266,99.0,1.0,11406,4.3,75.5,76.3,29.3,33.9,10.5,9.0,6.5,5.4,16.9,9.6,40.8,3.5,26.6,3.0,10.3,11.3,9.1,148.0,89.0,59.0
ZCTA5 85268,23895,105288,85268,95.1,4.9,22684,5.1,74.8,73.7,29.6,34.1,10.4,9.3,6.9,6.0,17.6,9.8,40.1,3.7,27.1,3.2,11.5,12.5,9.9,175.0,133.0,42.0
ZCTA5 85281,70726,59084,85281,88.2,11.8,57348,13.5,61.8,55.7,11.4,17.6,2.7,11.4,2.8,4.0,23.6,5.7,22.6,1.8,27.9,1.5,13.7,23.8,9.1,155.0,90.0,65.0
ZCTA5 85282,54501,79084,85282,90.3,9.7,48671,10.4,66.5,63.8,18.5,24.2,5.6,10.2,4.4,4.7,20.3,7.6,29.8,2.6,28.3,2.3,12.5,18.0,9.2,210.0,106.0,104.0
ZCTA5 85283,46789,81073,85283,90.5,9.5,44813,11.4,66.5,64.3,18.0,23.8,5.3,10.1,4.1,4.4,19.5,8.0,29.7,2.5,29.1,2.2,13.1,17.2,9.4,158.0,97.0,61.0
ZCTA5 85284,19696,154663,85284,94.1,5.9,16479,5.0,70.4,74.9,21.7,26.2,7.0,9.2,4.3,4.1,17.6,7.6,34.5,2.5,26.4,2.1,9.2,13.0,8.0,144.0,100.0,44.0
ZCTA5 85286,49870,118759,85286,93.1,6.9,38930,7.1,66.2,71.1,16.2,21.0,4.9,9.1,3.0,3.2,18.1,6.1,28.6,2.0,26.4,1.6,8.9,14.5,7.2,103.0,58.0,45.0
ZCTA5 85295,54697,116288,85295,93.7,6.3,38332,7.6,64.3,69.5,14.6,19.1,4.2,9.5,2.6,3.2,19.8,5.3,26.2,1.8,27.1,1.5,8.7,16.2,7.2,182.0,105.0,77.0
ZCTA5 85296,52058,117120,85296,92.8,7.2,36799,7.8,65.6,69.3,16.9,21.3,4.9,9.7,3.2,3.7,19.9,6.1,28.3,2.1,28.1,1.7,9.7,16.1,8.0,171.0,123.0,48.0
ZCTA5 85297,35535,132684,85297,94.8,5.2,26979,7.7,64.0,69.9,14.4,18.7,4.1,9.5,2.5,3.1,19.8,5.0,25.9,1.8,27.5,1.4,8.6,16.0,7.2,133.0,85.0,48.0
ZCTA5 85298,43536,146688,85298,96.5,3.5,21479,6.7,68.9,71.4,21.2,25.7,6.8,9.3,4.3,4.4,18.6,7.4,32.9,2.6,27.6,2.2,9.9,14.2,8.4,107.0,69.0,38.0
ZCTA5 85301,66970,47422,85301,78.9,21.1,60161,28.8,65.5,43.3,21.5,30.3,4.9,11.8,6.3,8.0,21.7,13.5,33.2,3.6,38.3,3.5,27.1,22.3,15.8,167.0,96.0,71.0
ZCTA5 85302,40329,62516,85302,85.9,14.1,36909,15.2,68.0,55.8,23.4,30.1,6.4,10.9,6.0,7.2,20.9,10.9,34.1,3.3,33.0,3.2,18.6,19.1,12.7,172.0,103.0,69.0
ZCTA5 85303,34769,75077,85303,85.6,14.4,30310,21.2,65.0,52.3,18.1,25.8,4.2,10.7,4.4,5.4,19.9,10.3,30.4,2.8,34.7,2.5,19.5,19.6,12.1,130.0,86.0,44.0
ZCTA5 85304,29745,82976,85304,93.4,6.6,25883,10.7,68.2,62.4,22.9,28.4,6.4,10.5,5.3,6.2,20.6,9.5,33.9,3.0,31.0,2.8,14.8,17.6,11.2,151.0,112.0,39.0
ZCTA5 85305,16471,99565,85305,83.6,16.4,10822,13.5,64.6,62.3,16.0,21.9,4.2,10.1,3.3,4.1,19.7,7.3,28.1,2.2,30.1,1.9,13.1,17.8,9.2,97.0,51.0,46.0
ZCTA5 85306,24696,82060,85306,92.8,7.2,24191,10.7,67.7,61.4,22.7,28.0,6.5,10.6,5.3,6.3,21.2,9.1,33.2,3.0,30.8,2.8,14.8,18.3,11.2,195.0,123.0,72.0
ZCTA5 85307,13290,78540,85307,86.1,13.9,9230,13.6,64.5,60.5,16.3,22.4,4.2,10.5,3.5,4.4,20.5,7.5,28.0,2.3,30.8,2.0,13.8,18.8,9.7,88.0,58.0,30.0
ZCTA5 85308,65159,95512,85308,91.8,8.2,63876,8.2,67.9,66.7,21.5,26.3,6.3,10.1,4.6,5.2,20.2,8.0,32.7,2.6,29.1,2.4,12.1,16.5,9.7,272.0,176.0,96.0
ZCTA5 85309,965,-666666666,85309,-666666666.0,-666666666.0,1485,9.8,56.6,65.5,3.1,7.9,0.8,9.3,0.7,1.4,20.0,1.2,11.7,0.7,19.1,0.5,6.8,22.2,4.8,150.0,142.0,8.0
ZCTA5 85310,19612,117095,85310,94.3,5.7,19007,7.2,68.1,68.7,21.6,26.1,6.3,10.0,4.4,5.0,20.1,7.8,32.9,2.5,29.4,2.3,11.5,16.0,9.5,102.0,67.0,35.0
ZCTA5 85320,315,40208,85320,91.1,8.9,1197,19.8,69.0,57.0,24.6,32.5,7.2,9.7,7.6,7.1,17.8,12.8,37.3,3.9,33.0,3.6,19.6,15.9,12.8,0.0,0.0,0.0
ZCTA5 85321,4313,52127,85321,91.4,8.6,4435,16.9,71.8,47.7,34.4,41.4,9.1,11.8,10.6,11.4,23.6,16.6,40.4,5.3,37.4,5.5,28.1,19.2,18.3,41.0,28.0,13.0
ZCTA5 85322,493,74125,85322,63.7,36.3,752,15.9,67.2,56.7,23.8,30.3,6.3,10.6,6.1,7.4,20.8,10.8,35.0,3.2,34.1,3.1,18.4,18.3,13.0,0.0,0.0,0.0
ZCTA5 85323,46604,79903,85323,85.7,14.3,39507,23.5,64.1,50.9,16.9,24.9,3.9,10.8,4.4,5.3,20.2,10.5,29.2,2.9,35.1,2.5,20.7,20.1,12.4,166.0,98.0,68.0
ZCTA5 85326,73912,91444,85326,89.4,10.6,51705,18.2,64.1,55.5,17.9,25.1,4.5,10.2,4.3,5.3,20.1,8.8,30.0,2.6,33.7,2.3,16.8,18.8,11.2,179.0,110.0,69.0
ZCTA5 85329,2429,36292,85329,81.7,18.3,0,0,0,0,0,0,0,0,0,0,0,0,0,0,0,0,0,0,0,2.0,2.0,0.0
ZCTA5 85331,31866,123710,85331,94.7,5.3,26960,5.3,70.8,73.2,24.1,28.3,7.7,9.5,5.0,4.9,18.9,8.1,35.4,2.8,28.3,2.4,10.3,13.8,9.0,132.0,79.0,53.0
ZCTA5 85333,403,43269,85333,92.6,7.4,790,17.3,68.6,60.5,22.5,32.0,6.7,9.3,6.5,6.2,17.2,12.9,36.4,3.6,38.1,3.3,18.5,14.2,12.4,2.0,2.0,0.0
ZCTA5 85335,35823,74764,85335,87.0,13.0,31787,19.7,64.6,53.9,18.0,24.9,4.5,10.7,4.4,5.4,20.9,9.4,29.7,2.7,34.1,2.4,18.1,19.8,11.7,130.0,83.0,47.0
ZCTA5 85337,2396,49260,85337,70.7,29.3,2793,29.3,66.0,40.4,23.8,33.6,5.1,12.0,7.7,9.4,21.8,16.6,35.5,4.1,40.6,4.2,30.8,22.7,18.1,13.0,6.0,7.0
ZCTA5 85338,64448,99345,85338,91.3,8.7,41115,12.0,65.9,63.8,18.0,23.7,4.9,10.0,3.8,4.4,19.7,7.7,29.6,2.4,31.1,2.1,12.8,17.1,9.5,153.0,96.0,57.0
ZCTA5 85339,53972,104023,85339,88.3,11.7,35586,15.6,65.4,57.1,16.5,24.1,4.0,10.7,3.6,4.6,19.4,8.7,28.1,2.5,33.1,2.2,15.9,18.8,10.5,153.0,61.0,92.0
ZCTA5 85340,38873,117193,85340,92.7,7.3,26262,10.6,67.6,65.6,20.0,25.6,5.9,9.9,4.3,4.7,19.2,8.1,31.6,2.6,30.0,2.3,12.6,16.2,9.5,138.0,109.0,29.0
ZCTA5 85342,1639,53996,85342,92.7,7.3,1578,9.2,72.1,64.8,29.5,34.8,9.2,10.0,7.7,7.9,19.5,11.2,39.6,3.8,30.4,3.6,15.7,15.3,12.2,4.0,2.0,2.0
ZCTA5 85343,79,143000,85343,100.0,0.0,196,16.5,68.4,57.3,25.5,32.4,7.2,10.2,7.1,7.8,19.7,11.7,37.0,3.6,33.5,3.5,19.0,17.2,13.2,1.0,0.0,1.0
ZCTA5 85345,61822,64563,85345,86.6,13.4,56208,14.1,68.0,59.1,22.9,28.9,6.4,10.6,5.6,6.5,20.5,10.2,33.6,3.2,32.3,3.0,16.8,18.1,11.9,154.0,101.0,53.0
ZCTA5 85351,27562,50812,85351,97.8,2.2,27789,6.4,84.5,66.6,46.9,53.3,17.9,9.0,15.0,12.1,15.0,17.5,51.0,7.0,26.7,6.9,20.5,10.4,15.5,187.0,96.0,91.0
ZCTA5 85353,44995,88867,85353,83.3,16.7,31011,22.7,63.5,54.0,14.9,22.2,3.6,10.3,3.6,4.1,19.2,8.8,27.5,2.5,33.7,2.1,17.7,19.0,10.8,152.0,102.0,50.0
ZCTA5 85354,7731,64596,85354,80.8,19.2,6645,16.1,66.9,55.7,23.9,30.1,6.1,10.8,6.0,7.5,21.4,10.9,35.0,3.2,34.5,3.1,18.9,18.9,13.3,25.0,22.0,3.0
ZCTA5 85355,13341,115401,85355,89.6,10.4,8745,9.9,66.5,65.0,19.7,24.9,5.4,10.2,4.1,4.8,20.6,7.7,30.9,2.5,31.0,2.2,12.3,17.2,9.7,71.0,49.0,22.0
ZCTA5 85361,8107,76056,85361,86.5,13.5,6700,11.6,68.2,61.6,24.2,29.6,6.6,10.4,5.7,6.8,20.8,10.0,35.1,3.1,32.5,2.9,15.8,17.4,11.9,24.0,21.0,3.0
ZCTA5 85363,6985,68472,85363,91.2,8.8,6156,17.9,69.6,52.7,27.7,34.6,8.1,10.8,8.4,9.2,20.5,13.0,37.0,4.3,33.2,4.4,22.1,18.5,14.8,79.0,40.0,39.0
ZCTA5 85373,20885,68445,85373,96.6,3.4,17356,7.4,79.2,68.2,38.2,44.0,14.5,9.1,11.5,9.3,16.4,13.6,45.2,5.5,26.4,5.3,16.6,11.9,12.8,151.0,99.0,52.0
ZCTA5 85374,40955,78690,85374,92.3,7.7,47146,11.8,74.4,64.5,31.6,37.5,10.8,9.8,8.7,8.1,18.3,12.2,41.3,4.4,29.7,4.1,16.4,14.5,12.3,224.0,133.0,91.0
ZCTA5 85375,27185,63977,85375,98.0,2.0,27703,5.5,84.9,70.4,45.3,51.8,18.3,8.4,14.3,10.5,14.0,15.8,50.5,6.7,24.5,6.4,17.7,9.3,13.7,189.0,113.0,76.0
ZCTA5 85377,3452,143315,85377,95.9,4.1,3051,3.7,77.5,77.3,31.7,36.4,11.9,8.7,7.3,5.7,15.9,10.1,42.9,3.8,25.8,3.3,10.5,10.5,9.4,82.0,55.0,27.0
ZCTA5 85378,9401,62881,85378,89.5,10.5,0,0,0,0,0,0,0,0,0,0,0,0,0,0,0,0,0,0,0,143.0,81.0,62.0
ZCTA5 85379,49735,102823,85379,93.2,6.8,39732,10.5,64.8,63.5,17.2,22.4,4.6,10.3,3.4,4.4,21.0,6.7,28.2,2.2,30.5,1.9,11.9,18.0,9.2,142.0,90.0,52.0
ZCTA5 85381,26895,94442,85381,93.7,6.3,24249,8.1,69.5,68.2,22.9,27.8,7.3,9.8,5.2,5.3,19.2,8.4,33.8,3.0,28.2,2.7,12.2,15.6,9.7,198.0,107.0,91.0
ZCTA5 85382,43109,93387,85382,95.7,4.3,40454,7.9,70.9,68.8,25.1,29.8,8.6,9.6,6.0,5.7,18.9,8.8,35.2,3.3,27.6,3.0,12.3,14.9,9.8,177.0,112.0,65.0
ZCTA5 85383,72101,138671,85383,96.5,3.5,37182,6.4,67.4,71.7,19.4,23.7,5.9,9.5,3.7,4.0,19.2,6.6,31.1,2.3,27.8,1.9,9.4,14.8,8.1,118.0,75.0,43.0
ZCTA5 85387,19140,95472,85387,97.2,2.8,9573,8.3,75.6,68.5,33.1,38.5,11.0,9.5,8.4,8.0,17.8,12.3,43.4,4.2,29.5,3.9,15.1,13.1,12.0,108.0,69.0,39.0
ZCTA5 85388,35003,107131,85388,94.2,5.8,23490,10.0,65.3,64.2,17.8,23.1,4.9,10.1,3.6,4.5,20.7,6.9,28.8,2.3,30.5,2.0,11.8,17.5,9.2,153.0,118.0,35.0
ZCTA5 85390,9881,65985,85390,95.3,4.7,8621,10.3,74.2,62.2,33.4,38.9,10.6,10.3,9.6,9.6,19.5,13.3,42.1,4.6,30.5,4.5,18.3,15.3,13.8,142.0,96.0,46.0
ZCTA5 85392,39203,84965,85392,90.7,9.3,35310,13.5,65.7,61.7,17.3,23.5,4.5,10.2,3.6,4.4,19.7,8.0,29.2,2.4,31.5,2.1,13.8,17.8,9.8,175.0,130.0,45.0
ZCTA5 85395,38701,107980,85395,94.1,5.9,25922,10.3,70.5,66.4,23.9,28.9,7.5,10.4,5.5,5.8,19.8,9.2,35.1,3.1,29.0,2.8,13.6,16.3,10.3,181.0,123.0,58.0
ZCTA5 85396,38489,114266,85396,94.6,5.4,12163,9.6,68.7,66.3,22.9,28.1,6.7,9.9,5.1,5.6,19.6,8.9,34.3,2.9,30.5,2.6,12.9,15.8,10.2,116.0,75.0,41.0
ZCTA5 85545,669,49688,85545,94.2,5.8,583,12.4,72.2,49.9,39.2,44.8,11.7,11.0,13.5,15.7,20.1,17.7,41.2,5.8,38.0,6.6,27.7,16.6,19.7,0.0,0.0,0.0
